{
  "log": {
    "disabled": false,
    "level": "info",
    "timestamp": true
  },
  "experimental": {
    "clash_api": {
      "external_controller": "0.0.0.0:9090",
      "external_ui": "/etc/sing-box/ui",
      "secret": "",
      "external_ui_download_url": "https://gh-proxy.com/https://github.com/Zephyruso/zashboard/releases/latest/download/dist.zip",
      "external_ui_download_detour": "🎯 全球直连",
      "default_mode": "rule"
    },
  "cache_file": {
    "enabled": true,
    "path": "/etc/sing-box/cache.db",
    "store_fakeip": true,
    "rdrc_timeout": "1d",
    "store_rdrc": true
    }
  },

"dns": 
 {
   "servers": 
   [
     {"tag": "local", "type": "udp", "server": "10.10.10.1"},
     {"tag": "google", "type": "tls", "server": "8.8.8.8", "detour": "🚀 节点选择"},
     {"tag": "fakeip","type": "fakeip","inet4_range": "198.18.0.0/15","inet6_range": "fcab::/18"}
     ],
   "rules": 
   [ 
     {"clash_mode": "direct","server": "local"},
     {"clash_mode": "global","server": "google"},
     {"rule_set": ["geosite-cn", "direct1","geosite-microsoft-cn","geosite-apple-cn"],"server": "local"},
     {"type": "logical","mode": "and","rules": [{"rule_set": "geosite-geolocation-!cn","invert": true},{"rule_set": "geoip-cn"}],"server": "google","client_subnet": "222.172.200.68"},
     {"query_type": ["A","AAAA"],"server": "fakeip"}
    ],
    "cache_capacity": 2048,
    "independent_cache": true,
    "final": "google",
    "strategy": "prefer_ipv4"
  },
  
  "inbounds": [
  {
  "type": "tun",
  "tag": "tun-in",
  "interface_name": "tun0",
  "address": [
    "172.18.0.1/30",
    "fdfe:dcba:9876::1/126"
  ],
  "mtu": 9000,
  "auto_route": true,
  "auto_redirect": true,
  "strict_route": true,
  "route_address": [
    "0.0.0.0/1",
    "128.0.0.0/1",
    "::/1",
    "8000::/1"
  ],
  "endpoint_independent_nat": false,
  "udp_timeout": "5m",
  "stack": "mixed"
  }
  ],
  
   "outbounds": [
      { "tag": "🚀 节点选择", "type": "selector", "outbounds": ["♻️ 自动选择", "🇭🇰 香港自动", "🇹🇼 台湾自动", "🇸🇬 新加坡自动", "🇯🇵 日本自动", "🇲🇾 马来西亚自动", "🇺🇲 美国自动", "🐸 手动切换", "🎯 全球直连"] },
      { "tag": "🍀 Google", "type": "selector", "outbounds": ["♻️ 自动选择", "🇭🇰 香港自动", "🇹🇼 台湾自动", "🇸🇬 新加坡自动", "🇯🇵 日本自动", "🇲🇾 马来西亚自动", "🇺🇲 美国自动", "🐸 手动切换", "🎯 全球直连"], "default": "🇭🇰 香港自动" },
      { "tag": "📹 YouTube", "type": "selector", "outbounds": ["♻️ 自动选择", "🇭🇰 香港自动", "🇹🇼 台湾自动", "🇸🇬 新加坡自动", "🇯🇵 日本自动", "🇲🇾 马来西亚自动", "🇺🇲 美国自动", "🐸 手动切换", "🎯 全球直连"], "default": "🇭🇰 香港自动" },
      { "tag": "🔗 直连DIY", "type": "selector", "outbounds": ["🐸 手动切换", "🎯 全球直连"], "default": "🎯 全球直连" },
      { "tag": "🪜 代理DIY", "type": "selector", "outbounds": ["♻️ 自动选择", "🇭🇰 香港自动", "🇹🇼 台湾自动", "🇸🇬 新加坡自动", "🇯🇵 日本自动", "🇲🇾 马来西亚自动", "🇺🇲 美国自动", "🐸 手动切换", "🎯 全球直连"], "default": "🇭🇰 香港自动" },
      { "tag": "🎮 steam", "type": "selector", "outbounds": ["♻️ 自动选择", "🇭🇰 香港自动", "🇹🇼 台湾自动", "🇸🇬 新加坡自动", "🇯🇵 日本自动", "🇲🇾 马来西亚自动", "🇺🇲 美国自动", "🐸 手动切换", "🎯 全球直连"] },
      { "tag": "🤖 OpenAI", "type": "selector", "outbounds": ["♻️ 自动选择", "🇭🇰 香港自动", "🇹🇼 台湾自动", "🇸🇬 新加坡自动", "🇯🇵 日本自动", "🇲🇾 马来西亚自动", "🇺🇲 美国自动", "🐸 手动切换", "🎯 全球直连"], "default": "🇹🇼 台湾自动" },
      { "tag": "👨‍💻 Github", "type": "selector", "outbounds": ["♻️ 自动选择", "🇭🇰 香港自动", "🇹🇼 台湾自动", "🇸🇬 新加坡自动", "🇯🇵 日本自动", "🇲🇾 马来西亚自动", "🇺🇲 美国自动", "🐸 手动切换", "🎯 全球直连"], "default": "🇭🇰 香港自动" },
      { "tag": "🪟 Microsoft", "type": "selector", "outbounds": ["♻️ 自动选择", "🇭🇰 香港自动", "🇹🇼 台湾自动", "🇸🇬 新加坡自动", "🇯🇵 日本自动", "🇲🇾 马来西亚自动", "🇺🇲 美国自动", "🐸 手动切换", "🎯 全球直连"], "default": "🎯 全球直连" },
      { "tag": "🎵 TikTok", "type": "selector", "outbounds": ["♻️ 自动选择", "🇭🇰 香港自动", "🇹🇼 台湾自动", "🇸🇬 新加坡自动", "🇯🇵 日本自动", "🇲🇾 马来西亚自动", "🇺🇲 美国自动", "🐸 手动切换", "🎯 全球直连"], "default": "🇸🇬 新加坡自动" },
      { "tag": "📲 Telegram", "type": "selector", "outbounds": ["♻️ 自动选择", "🇭🇰 香港自动", "🇹🇼 台湾自动", "🇸🇬 新加坡自动", "🇯🇵 日本自动", "🇲🇾 马来西亚自动", "🇺🇲 美国自动", "🐸 手动切换", "🎯 全球直连"], "default": "🇭🇰 香港自动" },
      { "tag": "🍏 Apple", "type": "selector", "outbounds": ["♻️ 自动选择", "🇭🇰 香港自动", "🇹🇼 台湾自动", "🇸🇬 新加坡自动", "🇯🇵 日本自动", "🇲🇾 马来西亚自动", "🇺🇲 美国自动", "🐸 手动切换", "🎯 全球直连"], "default": "🎯 全球直连" },
      { "tag": "🛩 国外域名", "type": "selector", "outbounds": ["♻️ 自动选择", "🇭🇰 香港自动", "🇹🇼 台湾自动", "🇸🇬 新加坡自动", "🇯🇵 日本自动", "🇲🇾 马来西亚自动", "🇺🇲 美国自动", "🐸 手动切换", "🎯 全球直连"], "default": "🇭🇰 香港自动" },
      { "tag": "🐠 漏网之鱼", "type": "selector", "outbounds": ["🇭🇰 香港自动", "🇹🇼 台湾自动", "🇸🇬 新加坡自动", "🇯🇵 日本自动", "🇲🇾 马来西亚自动", "🇺🇲 美国自动", "🐸 手动切换", "🎯 全球直连"], "default": "🎯 全球直连" },
      { "tag": "🐸 手动切换", "type": "selector", "outbounds": ["{all}"], "filter": [{ "action": "exclude", "keywords": ["网|地址|剩余|过期|时间|有效"] }] }, 
      { "tag": "🇭🇰 香港节点", "type": "selector", "outbounds": ["{all}"], "filter": [{ "action": "include", "keywords": ["🇭🇰|HK|hk|香港|港|HongKong"] }] },
      { "tag": "🇹🇼 台湾节点", "type": "selector", "outbounds": ["{all}"], "filter": [{ "action": "include", "keywords": ["🇹🇼|TW|台湾|TaiWang"] }] },
      { "tag": "🇸🇬 新加坡节点", "type": "selector", "outbounds": ["{all}"], "filter": [{ "action": "include", "keywords": ["🇸🇬|新加坡|SG|Singapore"] }] },
      { "tag": "🇯🇵 日本节点", "type": "selector", "outbounds": ["{all}"], "filter": [{ "action": "include", "keywords": ["🇯🇵|JP|jp|日本|日|Japan"] }] },
      { "tag": "🇲🇾 马来西亚节点", "type": "selector", "outbounds": ["{all}"], "filter": [{ "action": "include", "keywords": ["🇲🇾|马来西亚|MY|M|Malaysia"] }] },
      { "tag": "🇺🇲 美国节点", "type": "selector", "outbounds": ["{all}"], "filter": [{ "action": "include", "keywords": ["🇺🇸|US|us|美国|美|United States"] }, { "action": "exclude", "keywords": ["香港|港|HK|hk|HongKong"] }] },
      { "tag": "🇭🇰 香港自动", "type": "urltest", "outbounds": ["{all}"], "filter": [{ "action": "include", "keywords": ["🇭🇰|HK|hk|香港|港|HongKong"] }], "url": "http://www.gstatic.com/generate_204", "interval": "3m", "tolerance": 50 },
      { "tag": "🇹🇼 台湾自动", "type": "urltest", "outbounds": ["{all}"], "filter": [{ "action": "include", "keywords": ["🇹🇼|TW|台湾|TaiWang"] }], "url": "http://www.gstatic.com/generate_204", "interval": "10m", "tolerance": 50 },
      { "tag": "🇸🇬 新加坡自动", "type": "urltest", "outbounds": ["{all}"], "filter": [{ "action": "include", "keywords": ["🇸🇬|新加坡|SG|Singapore"] }], "url": "http://www.gstatic.com/generate_204", "interval": "10m", "tolerance": 50 },
      { "tag": "🇯🇵 日本自动", "type": "urltest", "outbounds": ["{all}"], "filter": [{ "action": "include", "keywords": ["🇯🇵|JP|jp|日本|日|Japan"] }], "url": "http://www.gstatic.com/generate_204", "interval": "10m", "tolerance": 50 },
      { "tag": "🇲🇾 马来西亚自动", "type": "urltest", "outbounds": ["{all}"], "filter": [{ "action": "include", "keywords": ["🇲🇾|马来西亚|MY|M|Malaysia"] }], "url": "http://www.gstatic.com/generate_204", "interval": "10m", "tolerance": 50 },
      { "tag": "🇺🇲 美国自动", "type": "urltest", "outbounds": ["{all}"], "filter": [{ "action": "include", "keywords": ["🇺🇸|US|us|美国|美|United States"] }], "url": "http://www.gstatic.com/generate_204", "interval": "10m", "tolerance": 50 },
      { "tag": "♻️ 自动选择", "type": "urltest", "outbounds": ["{all}"], "filter": [{ "action": "exclude", "keywords": ["网|地址|剩余|过期|时间|有效"] }], "url": "http://www.gstatic.com/generate_204", "interval": "10m", "tolerance": 50 },
      { "tag": "🎯 全球直连", "type": "direct" }
    ],
  "route": {
          "default_domain_resolver": {"server": "local"},
          "auto_detect_interface": true,
          "final": "🐠 漏网之鱼",
      "rules": [
        { "inbound": "tun-in", "action": "sniff"},
        { "type": "logical", "mode": "or", "rules":[{ "port":53},{ "protocol": "dns"} ], "action": "hijack-dns" },
        { "rule_set": "AD","clash_mode": "rule","action": "reject"},
        { "action": "route", "clash_mode": "direct", "outbound": "🎯 全球直连" },
        { "action": "route", "clash_mode": "global", "outbound": "♻️ 自动选择" },
        { "domain": ["clash.razord.top", "yacd.metacubex.one", "yacd.haishan.me", "d.metacubex.one"], "outbound": "🎯 全球直连" },
        { "ip_is_private": true,"outbound": "🎯 全球直连"},
        { "rule_set": "geosite-private", "outbound": "🎯 全球直连" },
        { "rule_set": "geosite-chat", "outbound": "🤖 OpenAI" },
        { "rule_set": ["direct1","geosite-apple-cn","geosite-microsoft-cn"], "outbound": "🔗 直连DIY" },
        { "rule_set": "proxylite", "outbound": "🪜 代理DIY" },
        { "rule_set": "geosite-youtube", "outbound": "📹 YouTube" },
        { "rule_set": "steam", "outbound": "🎮 steam" },
        { "rule_set": "geosite-github", "outbound": "👨‍💻 Github" },
        { "rule_set": ["geoip-google", "geosite-google"], "outbound": "🍀 Google" },
        { "rule_set": "geosite-microsoft", "outbound": "🪟 Microsoft" }, 
        { "rule_set": "geosite-tiktok", "outbound": "🎵 TikTok" },
        { "rule_set": "geosite-apple", "outbound": "🍏 Apple" },
        { "rule_set": ["geoip-telegram", "geosite-telegram"], "outbound": "📲 Telegram" },
        { "rule_set": "geosite-geolocation-!cn", "outbound": "🛩 国外域名" },
        { "rule_set": ["geoip-cn", "geosite-cn"], "outbound": "🎯 全球直连" }
      ],
      
      "rule_set": [
        { "tag": "direct1", "type": "remote", "format": "binary", "update_interval": "1d", "url": "https://raw.githubusercontent.com/zming66/sing-box-geosite/refs/heads/main/rule/Direct.srs", "download_detour": "🚀 节点选择" },
        { "tag": "proxylite", "type": "remote", "format": "binary", "update_interval": "1d", "url": "https://raw.githubusercontent.com/zming66/sing-box-geosite/refs/heads/main/rule/Proxy.srs", "download_detour": "🚀 节点选择" },
        { "tag": "AD", "type": "remote", "format": "binary", "update_interval": "1d", "url": "https://raw.githubusercontent.com/zming66/sing-box-geosite/refs/heads/main/rule/AD.srs", "download_detour": "🚀 节点选择" },
        { "tag": "steam", "type": "remote", "format": "binary", "update_interval": "1d", "url": "https://raw.githubusercontent.com/MetaCubeX/meta-rules-dat/sing/geo/geosite/steam.srs", "download_detour": "🚀 节点选择" },
        { "tag": "geosite-chat", "type": "remote", "format": "binary", "update_interval": "1d", "url": "https://raw.githubusercontent.com/MetaCubeX/meta-rules-dat/refs/heads/sing/geo/geosite/category-ai-!cn.srs", "download_detour": "🚀 节点选择" },
        { "tag": "geosite-youtube", "type": "remote", "format": "binary", "update_interval": "1d", "url": "https://raw.githubusercontent.com/MetaCubeX/meta-rules-dat/sing/geo/geosite/youtube.srs", "download_detour": "🚀 节点选择" },
        { "tag": "geosite-google", "type": "remote", "format": "binary", "update_interval": "1d", "url": "https://raw.githubusercontent.com/MetaCubeX/meta-rules-dat/sing/geo/geosite/google.srs", "download_detour": "🚀 节点选择" },
        { "tag": "geosite-github", "type": "remote", "format": "binary", "update_interval": "1d", "url": "https://raw.githubusercontent.com/MetaCubeX/meta-rules-dat/sing/geo/geosite/github.srs", "download_detour": "🚀 节点选择" },
        { "tag": "geosite-telegram", "type": "remote", "format": "binary", "update_interval": "1d", "url": "https://raw.githubusercontent.com/MetaCubeX/meta-rules-dat/sing/geo/geosite/telegram.srs", "download_detour": "🚀 节点选择" },
        { "tag": "geosite-tiktok", "type": "remote", "format": "binary", "update_interval": "1d", "url": "https://raw.githubusercontent.com/MetaCubeX/meta-rules-dat/sing/geo/geosite/tiktok.srs", "download_detour": "🚀 节点选择" },
        { "tag": "geosite-apple", "type": "remote", "format": "binary", "update_interval": "1d", "url": "https://raw.githubusercontent.com/MetaCubeX/meta-rules-dat/sing/geo/geosite/apple.srs", "download_detour": "🚀 节点选择" },
        { "tag": "geosite-apple-cn", "type": "remote", "format": "binary", "update_interval": "1d", "url": "https://raw.githubusercontent.com/DustinWin/ruleset_geodata/refs/heads/sing-box-ruleset/apple-cn.srs", "download_detour": "🚀 节点选择" },
        { "tag": "geosite-microsoft-cn", "type": "remote", "format": "binary", "update_interval": "1d", "url": "https://raw.githubusercontent.com/MetaCubeX/meta-rules-dat/refs/heads/sing/geo/geosite/microsoft%40cn.srs", "download_detour": "🚀 节点选择" },
        { "tag": "geosite-microsoft", "type": "remote", "format": "binary", "update_interval": "1d", "url": "https://raw.githubusercontent.com/MetaCubeX/meta-rules-dat/sing/geo/geosite/microsoft.srs", "download_detour": "🚀 节点选择" },
        { "tag": "geosite-geolocation-!cn", "type": "remote", "format": "binary", "update_interval": "1d", "url": "https://raw.githubusercontent.com/MetaCubeX/meta-rules-dat/sing/geo/geosite/geolocation-!cn.srs", "download_detour": "🚀 节点选择" },
        { "tag": "geosite-cn", "type": "remote", "format": "binary", "update_interval": "1d", "url": "https://raw.githubusercontent.com/MetaCubeX/meta-rules-dat/sing/geo/geosite/cn.srs", "download_detour": "🚀 节点选择" },
        { "tag": "geosite-private", "type": "remote", "format": "binary", "update_interval": "1d", "url": "https://raw.githubusercontent.com/MetaCubeX/meta-rules-dat/sing/geo/geosite/private.srs", "download_detour": "🚀 节点选择" },
        { "tag": "geoip-google", "type": "remote", "format": "binary", "update_interval": "1d", "url": "https://raw.githubusercontent.com/MetaCubeX/meta-rules-dat/sing/geo/geoip/google.srs", "download_detour": "🚀 节点选择" },
        { "tag": "geoip-telegram", "type": "remote", "format": "binary", "update_interval": "1d", "url": "https://raw.githubusercontent.com/MetaCubeX/meta-rules-dat/sing/geo/geoip/telegram.srs", "download_detour": "🚀 节点选择" },     
        { "tag": "geoip-cn", "type": "remote", "format": "binary", "update_interval": "1d", "url": "https://raw.githubusercontent.com/MetaCubeX/meta-rules-dat/sing/geo/geoip/cn.srs", "download_detour": "🚀 节点选择" }
      ]
    }
}
