{
  "log": {
    "level": "info",
    "timestamp": true
  },
  "experimental": {
    "clash_api": {
      "external_controller": "0.0.0.0:9090",
      "external_ui": "ui",
      "secret": "",
      "external_ui_download_url": "https://gh-proxy.com/https://github.com/MetaCubeX/metacubexd/archive/refs/heads/gh-pages.zip",
      "external_ui_download_detour": "direct",
      "default_mode": "rule"
    },
  "cache_file": {
    "enabled": true,
    "store_fakeip": true,
    "store_rdrc": true
    }
  },
  "dns": {
    "servers": [
      {
        "tag": "google",
        "type": "tls",
        "server": "8.8.8.8",
        "detour": "Proxy"
      },
      {
        "tag": "local",
        "type": "https",
        "server": "223.5.5.5"
      },
      {
        "tag": "fakeip",
        "type": "fakeip",
        "inet4_range": "198.18.0.0/15",
        "inet6_range": "fc00::/18"
      }
    ],
    "rules": [
      {
        "clash_mode": "direct",
        "server": "local"
      },
      {
        "clash_mode": "global",
        "server": "google"
      },
      {
        "query_type": [
          "A",
          "AAAA"
        ],
        "rule_set": "geosite-cn",
        "server": "fakeip"
      },
      {
        "rule_set": "geosite-cn",
        "server": "local"
      },
      {
        "type": "logical",
        "mode": "and",
        "rules": [
          {
            "rule_set": "geosite-geolocation-!cn",
            "invert": true
          },
          {
            "rule_set": "geoip-cn"
          }
        ],
        "server": "google",
        "client_subnet": "114.114.114.114/24"
      },
      {
        "query_type": [
          "A",
          "AAAA"
        ],
        "server": "fakeip"
      }
    ],
    "independent_cache": true,
    "strategy": "prefer_ipv4"
  },
  "inbounds": [
    {
      "tag": "tun-in",
      "type": "tun",
      "address": [
        "172.19.0.0/30",
        "fdfe:dcba:9876::0/126"
      ],
      "stack": "system",
      "auto_route": true,
      "strict_route": true,
      "platform": {
        "http_proxy": {
          "enabled": true,
          "server": "127.0.0.1",
          "server_port": 7890
        }
      }
    },
    {
      "tag": "mixed-in",
      "type": "mixed",
      "listen": "127.0.0.1",
      "listen_port": 7890
    }
  ],
  "outbounds": [
    {
      "tag":"Proxy",
      "type":"selector",
      "outbounds":[
        "auto",
        "direct",
        "{all}"
      ]
    },
    {
      "tag":"OpenAI",
      "type":"selector",
      "outbounds":[
        "TaiWan",
        "Singapore",
        "Japan",
        "America",
        "Others"
      ],
      "default": "America"
    },
    {
      "tag":"Google",
      "type":"selector",
      "outbounds":[
        "HongKong",
        "TaiWan",
        "Singapore",
        "Japan",
        "America",
        "Others"
      ]
    },
    {
      "tag":"Telegram",
      "type":"selector",
      "outbounds":[
        "HongKong",
        "TaiWan",
        "Singapore",
        "Japan",
        "America",
        "Others"
      ]
    },
    {
      "tag":"Twitter",
      "type":"selector",
      "outbounds":[
        "HongKong",
        "TaiWan",
        "Singapore",
        "Japan",
        "America",
        "Others"
      ]
    },
    {
      "tag":"Facebook",
      "type":"selector",
      "outbounds":[
        "HongKong",
        "TaiWan",
        "Singapore",
        "Japan",
        "America",
        "Others"
      ]
    },
    {
      "tag":"BiliBili",
      "type":"selector",
      "outbounds":[
        "direct",
        "HongKong",
        "TaiWan"
      ]
    },
    {
      "tag":"Bahamut",
      "type":"selector",
      "outbounds":[
        "TaiWan",
        "Proxy"
      ]
    },
    {
      "tag":"Spotify",
      "type":"selector",
      "outbounds":[
        "HongKong",
        "TaiWan",
        "Singapore",
        "Japan",
        "America",
        "Others"
      ],
      "default": "America"
    },
    {
      "tag":"TikTok",
      "type":"selector",
      "outbounds":[
        "HongKong",
        "TaiWan",
        "Singapore",
        "Japan",
        "America"
      ],
      "default": "Japan"
    },
    {
      "tag":"Netflix",
      "type":"selector",
      "outbounds":[
        "HongKong",
        "TaiWan",
        "Singapore",
        "Japan",
        "America",
        "Others"
      ]
    },
    {
      "tag":"Disney+",
      "type":"selector",
      "outbounds":[
        "HongKong",
        "TaiWan",
        "Singapore",
        "Japan",
        "America",
        "Others"
      ]
    },
    {
      "tag":"Apple",
      "type":"selector",
      "outbounds":[
        "direct",
        "HongKong",
        "TaiWan",
        "Singapore",
        "Japan",
        "America",
        "Others"
      ]
    },
    {
      "tag":"Microsoft",
      "type":"selector",
      "outbounds":[
        "direct",
        "HongKong",
        "TaiWan",
        "Singapore",
        "Japan",
        "America",
        "Others"
      ]
    },
    {
      "tag":"Games",
      "type":"selector",
      "outbounds":[
        "direct",
        "HongKong",
        "TaiWan",
        "Singapore",
        "Japan",
        "America",
        "Others"
      ]
    },
    {
      "tag":"Streaming",
      "type":"selector",
      "outbounds":[
        "HongKong",
        "TaiWan",
        "Singapore",
        "Japan",
        "America",
        "Others"
      ]
    },
    {
      "tag":"Global",
      "type":"selector",
      "outbounds":[ 
        "HongKong",
        "TaiWan",
        "Singapore",
        "Japan",
        "America",
        "Others",
        "direct"
      ]
    },
    {
      "tag":"China",
      "type":"selector",
      "outbounds":[
        "direct",
        "Proxy"
      ]
    },
    {
      "tag":"HongKong",
      "type":"selector",
      "outbounds":[
        "{all}"
      ],
      "filter":[
        {"action":"include","keywords":["🇭🇰|HK|hk|香港|港|HongKong"]}
      ]
    },
    {
      "tag":"TaiWan",
      "type":"selector",
      "outbounds":[
        "{all}"
      ],
      "filter":[
        {"action":"include","keywords":["🇹🇼|TW|tw|台湾|臺灣|台|Taiwan"]}
      ]
    },
    {
      "tag":"Singapore",
      "type":"selector",
      "outbounds":[
        "{all}"
      ],
      "filter":[
        {"action":"include","keywords":["🇸🇬|SG|sg|新加坡|狮|Singapore"]}
      ]
    },
    {
      "tag":"Japan",
      "type":"selector",
      "outbounds":[
        "{all}"
      ],
      "filter":[
        {"action":"include","keywords":["🇯🇵|JP|jp|日本|日|Japan"]}
      ]
    },
    {
      "tag":"America",
      "type":"selector",
      "outbounds":[
        "{all}"
      ],
      "filter":[
        {"action":"include","keywords":["🇺🇸|US|us|美国|美|United States"]}
      ]
    },
    {
      "tag":"Others",
      "type":"selector",
      "outbounds":[
        "{all}"
      ],
      "filter":[
        {"action":"exclude","keywords":["🇭🇰|HK|hk|香港|香|🇹🇼|TW|tw|台湾|台|🇸🇬|SG|sg|新加坡|狮|🇯🇵|JP|jp|日本|日|🇺🇸|US|us|美国|美"]}
      ]
    },
    {
      "tag":"auto",
      "type":"urltest",
      "outbounds":[
        "{all}"
      ],
      "filter":[
        {"action":"exclude","keywords":["网站|地址|剩余|过期|时间|有效"]}
      ],
      "url": "http://www.gstatic.com/generate_204",
      "interval": "10m",
      "tolerance": 50
    },
    {
      "type": "direct",
      "tag": "direct"
    }
  ],
  "route": {
    "default_domain_resolver": {
      "server": "local"
    },
    "auto_detect_interface": true,
    "final": "Proxy",
    "rules": [
      {
        "inbound": ["tun-in", "mixed-in"],
        "action": "sniff"
      },
      {
        "type": "logical",
        "mode": "or",
        "rules":[
          {
            "port":53
          },
          {
            "protocol": "dns"
          }
        ],
        "action": "hijack-dns"
      },
      {
        "rule_set": "geosite-category-ads-all",
        "clash_mode": "rule",
        "action": "reject"
      },
      {
        "rule_set": "geosite-category-ads-all",
        "clash_mode": "global",
        "outbound": "Proxy"
      },
      {
        "clash_mode": "direct",
        "outbound": "direct"
      },
      {
        "clash_mode": "global",
        "outbound": "Proxy"
      },
      {
        "domain": [
          "clash.razord.top",
          "yacd.metacubex.one",
          "yacd.haishan.me",
          "d.metacubex.one"
        ],
        "outbound": "direct"
      },
      {
        "ip_is_private": true,
        "outbound": "direct"
      },
      {
        "rule_set": "geosite-openai",
        "outbound": "OpenAI"
      },
      {
        "rule_set": ["geosite-youtube", "geoip-google", "geosite-google", "geosite-github"],
        "outbound": "Google"
      },
      {
        "rule_set": ["geoip-telegram", "geosite-telegram"],
        "outbound": "Telegram"
      },
      {
        "rule_set": ["geoip-twitter", "geosite-twitter"],
        "outbound": "Twitter"
      },
      {
        "rule_set":["geoip-facebook", "geosite-facebook"],
        "outbound": "Facebook"
      },
      {
        "rule_set": "geosite-bilibili",
        "outbound": "BiliBili"
      },
      {
        "rule_set": "geosite-bahamut",
        "outbound": "Bahamut"
      },
      {
        "rule_set": "geosite-spotify",
        "outbound": "Spotify"
      },
      {
        "rule_set": "geosite-tiktok",
        "outbound": "TikTok"
      },
      {
        "rule_set": ["geoip-netflix", "geosite-netflix"],
        "outbound": "Netflix"
      },
      {
        "rule_set": "geosite-disney",
        "outbound": "Disney+"
      },
      {
        "rule_set": ["geoip-apple", "geosite-apple", "geosite-amazon"],
        "outbound": "Apple"
      },
      {
        "rule_set": "geosite-microsoft",
        "outbound": "Microsoft"
      },
      {
        "rule_set": ["geosite-category-games", "geosite-dmm"],
        "outbound": "Games"
      },
      {
        "rule_set": ["geosite-hbo", "geosite-primevideo"],
        "outbound": "Streaming"
      },
      {
        "rule_set": "geosite-geolocation-!cn",
        "outbound": "Global"
      },
      {
        "rule_set": ["geoip-cn", "geosite-cn"],
        "outbound": "China"
      }
    ],
    "rule_set": [
      {
        "tag": "geosite-category-ads-all",
        "type": "remote",
        "format": "binary",
        "url": "https://testingcf.jsdelivr.net/gh/MetaCubeX/meta-rules-dat@sing/geo/geosite/category-ads-all.srs",
        "download_detour": "direct"
      },
      {
        "tag": "geosite-openai",
        "type": "remote",
        "format": "binary",
        "url": "https://testingcf.jsdelivr.net/gh/Toperlock/sing-box-geosite@main/rule/OpenAI.srs",
        "download_detour": "direct"
      },
      {
        "tag": "geosite-youtube",
        "type": "remote",
        "format": "binary",
        "url": "https://testingcf.jsdelivr.net/gh/MetaCubeX/meta-rules-dat@sing/geo/geosite/youtube.srs",
        "download_detour": "direct"
      },
      {
        "tag": "geoip-google",
        "type": "remote",
        "format": "binary",
        "url": "https://testingcf.jsdelivr.net/gh/MetaCubeX/meta-rules-dat@sing/geo/geoip/google.srs",
        "download_detour": "direct"
      },
      {
        "tag": "geosite-google",
        "type": "remote",
        "format": "binary",
        "url": "https://testingcf.jsdelivr.net/gh/MetaCubeX/meta-rules-dat@sing/geo/geosite/google.srs",
        "download_detour": "direct"
      },
      {
        "tag": "geosite-github",
        "type": "remote",
        "format": "binary",
        "url": "https://testingcf.jsdelivr.net/gh/MetaCubeX/meta-rules-dat@sing/geo/geosite/github.srs",
        "download_detour": "direct"
      },
      {
        "tag": "geoip-telegram",
        "type": "remote",
        "format": "binary",
        "url": "https://testingcf.jsdelivr.net/gh/MetaCubeX/meta-rules-dat@sing/geo/geoip/telegram.srs",
        "download_detour": "direct"
      },
      {
        "tag": "geosite-telegram",
        "type": "remote",
        "format": "binary",
        "url": "https://testingcf.jsdelivr.net/gh/MetaCubeX/meta-rules-dat@sing/geo/geosite/telegram.srs",
        "download_detour": "direct"
      },
      {
        "tag": "geoip-twitter",
        "type": "remote",
        "format": "binary",
        "url": "https://testingcf.jsdelivr.net/gh/MetaCubeX/meta-rules-dat@sing/geo/geoip/twitter.srs",
        "download_detour": "direct"
      },
      {
        "tag": "geosite-twitter",
        "type": "remote",
        "format": "binary",
        "url": "https://testingcf.jsdelivr.net/gh/MetaCubeX/meta-rules-dat@sing/geo/geosite/twitter.srs",
        "download_detour": "direct"
      },
      {
        "tag": "geoip-facebook",
        "type": "remote",
        "format": "binary",
        "url": "https://testingcf.jsdelivr.net/gh/MetaCubeX/meta-rules-dat@sing/geo/geoip/facebook.srs",
        "download_detour": "direct"
      },
      {
        "tag": "geosite-facebook",
        "type": "remote",
        "format": "binary",
        "url": "https://testingcf.jsdelivr.net/gh/MetaCubeX/meta-rules-dat@sing/geo/geosite/facebook.srs",
        "download_detour": "direct"
      },
      {
        "tag": "geosite-bilibili",
        "type": "remote",
        "format": "binary",
        "url": "https://testingcf.jsdelivr.net/gh/MetaCubeX/meta-rules-dat@sing/geo/geosite/bilibili.srs",
        "download_detour": "direct"
      },
      {
        "tag": "geosite-bahamut",
        "type": "remote",
        "format": "binary",
        "url": "https://testingcf.jsdelivr.net/gh/MetaCubeX/meta-rules-dat@sing/geo/geosite/bahamut.srs",
        "download_detour": "direct"
      },
      {
        "tag": "geosite-spotify",
        "type": "remote",
        "format": "binary",
        "url": "https://testingcf.jsdelivr.net/gh/MetaCubeX/meta-rules-dat@sing/geo/geosite/spotify.srs",
        "download_detour": "direct"
      },
      {
        "tag": "geosite-tiktok",
        "type": "remote",
        "format": "binary",
        "url": "https://testingcf.jsdelivr.net/gh/MetaCubeX/meta-rules-dat@sing/geo/geosite/tiktok.srs",
        "download_detour": "direct"
      },
      {
        "tag": "geoip-netflix",
        "type": "remote",
        "format": "binary",
        "url": "https://testingcf.jsdelivr.net/gh/MetaCubeX/meta-rules-dat@sing/geo/geoip/netflix.srs",
        "download_detour": "direct"
      },
      {
        "tag": "geosite-netflix",
        "type": "remote",
        "format": "binary",
        "url": "https://testingcf.jsdelivr.net/gh/MetaCubeX/meta-rules-dat@sing/geo/geosite/netflix.srs",
        "download_detour": "direct"
      },
      {
        "tag": "geosite-disney",
        "type": "remote",
        "format": "binary",
        "url": "https://testingcf.jsdelivr.net/gh/MetaCubeX/meta-rules-dat@sing/geo/geosite/disney.srs",
        "download_detour": "direct"
      },
      {
        "tag": "geoip-apple",
        "type": "remote",
        "format": "binary",
        "url": "https://testingcf.jsdelivr.net/gh/MetaCubeX/meta-rules-dat@sing/geo-lite/geoip/apple.srs",
        "download_detour": "direct"
      },
      {
        "tag": "geosite-apple",
        "type": "remote",
        "format": "binary",
        "url": "https://testingcf.jsdelivr.net/gh/MetaCubeX/meta-rules-dat@sing/geo/geosite/apple.srs",
        "download_detour": "direct"
      },
      {
        "tag": "geosite-amazon",
        "type": "remote",
        "format": "binary",
        "url": "https://testingcf.jsdelivr.net/gh/MetaCubeX/meta-rules-dat@sing/geo/geosite/amazon.srs",
        "download_detour": "direct"
      },
      {
        "tag": "geosite-microsoft",
        "type": "remote",
        "format": "binary",
        "url": "https://testingcf.jsdelivr.net/gh/MetaCubeX/meta-rules-dat@sing/geo/geosite/microsoft.srs",
        "download_detour": "direct"
      },
      {
        "tag": "geosite-category-games",
        "type": "remote",
        "format": "binary",
        "url": "https://testingcf.jsdelivr.net/gh/MetaCubeX/meta-rules-dat@sing/geo/geosite/category-games.srs",
        "download_detour": "direct"
      },
      {
        "tag": "geosite-dmm",
        "type": "remote",
        "format": "binary",
        "url": "https://testingcf.jsdelivr.net/gh/MetaCubeX/meta-rules-dat@sing/geo/geosite/dmm.srs",
        "download_detour": "direct"
      },
      {
        "tag": "geosite-hbo",
        "type": "remote",
        "format": "binary",
        "url": "https://testingcf.jsdelivr.net/gh/MetaCubeX/meta-rules-dat@sing/geo/geosite/hbo.srs",
        "download_detour": "direct"
      },
      {
        "tag": "geosite-primevideo",
        "type": "remote",
        "format": "binary",
        "url": "https://testingcf.jsdelivr.net/gh/MetaCubeX/meta-rules-dat@sing/geo/geosite/primevideo.srs",
        "download_detour": "direct"
      },
      {
        "tag": "geosite-geolocation-!cn",
        "type": "remote",
        "format": "binary",
        "url": "https://testingcf.jsdelivr.net/gh/MetaCubeX/meta-rules-dat@sing/geo/geosite/geolocation-!cn.srs",
        "download_detour": "direct"
      },
      {
        "tag": "geoip-cn",
        "type": "remote",
        "format": "binary",
        "url": "https://testingcf.jsdelivr.net/gh/MetaCubeX/meta-rules-dat@sing/geo/geoip/cn.srs",
        "download_detour": "direct"
      },
      {
        "tag": "geosite-cn",
        "type": "remote",
        "format": "binary",
        "url": "https://testingcf.jsdelivr.net/gh/MetaCubeX/meta-rules-dat@sing/geo/geosite/cn.srs",
        "download_detour": "direct"
      }
    ]
  }
}
